Id,y
10000.0,-66.00242349023135
10001.0,451.40650440115496
10002.0,-461.67641706029906
10003.0,40.50120875372315
10004.0,-126.74472245403697
10005.0,-342.53455181925096
10006.0,-396.5555421135891
10007.0,335.5412790790874
10008.0,-99.51242087062356
10009.0,304.8125398062759
10010.0,68.89453048978542
10011.0,412.3691954559072
10012.0,54.94237102476802
10013.0,-17.005550754779755
10014.0,-597.8499575722611
10015.0,443.5022887864149
10016.0,144.77448697804346
10017.0,-57.41116367253652
10018.0,134.38782757746057
10019.0,-108.98377598910864
10020.0,153.82482842506695
10021.0,611.7359836022023
10022.0,588.3896503384219
10023.0,-131.01679995801985
10024.0,-61.13562114122955
10025.0,-374.2484953169727
10026.0,74.15799307965403
10027.0,137.43837873610437
10028.0,420.0866117967905
10029.0,196.7656257134427
10030.0,268.44284980053163
10031.0,638.4749102511089
10032.0,127.37873138691972
10033.0,1.3491187584000017
10034.0,22.710453177407967
10035.0,342.2395345225647
10036.0,307.7039669741719
10037.0,348.13820870093974
10038.0,-168.65286130735439
10039.0,-20.22113090461724
10040.0,-551.7499275731116
10041.0,-429.9718040667402
10042.0,261.89195870674405
10043.0,389.82042612922123
10044.0,-96.16562227356556
10045.0,-210.71080125632423
10046.0,278.88186878401126
10047.0,-427.4533010310492
10048.0,-172.90325291756713
10049.0,467.26437835578577
10050.0,-631.558735587439
10051.0,-355.53165933817843
10052.0,143.17327553860383
10053.0,69.19920259894211
10054.0,275.5882739767255
10055.0,-263.1886122041024
10056.0,167.49830723241257
10057.0,104.57789589014261
10058.0,230.07008661007546
10059.0,20.988026644576518
10060.0,-4.822581262501545
10061.0,-201.9229408106373
10062.0,560.0639265657701
10063.0,55.28847625244902
10064.0,671.3015746918346
10065.0,-493.74873828522857
10066.0,-279.35303673259205
10067.0,-53.712527613147905
10068.0,379.6981955009755
10069.0,315.0714108579814
10070.0,169.13001732614313
10071.0,-271.59930326901133
10072.0,783.8022226750342
10073.0,44.57731151554852
10074.0,57.40678005457737
10075.0,-161.078274143068
10076.0,-220.66957847885737
10077.0,223.2412944292918
10078.0,352.6655955437542
10079.0,13.163291366265623
10080.0,-461.99414698573054
10081.0,305.3721466914234
10082.0,-230.59656173861123
10083.0,359.07444324254396
10084.0,-430.2605633759213
10085.0,-115.54882205546188
10086.0,-88.96006387867375
10087.0,-488.2901898080419
10088.0,-139.35033854713524
10089.0,57.338808108526855
10090.0,-190.3362427216643
10091.0,-6.508092914824613
10092.0,189.2910777470183
10093.0,346.60367818565527
10094.0,871.6273206485896
10095.0,-147.01353738653847
10096.0,443.48993777942985
10097.0,-30.498432974436984
10098.0,185.4634575344594
10099.0,-119.91717151732803
10100.0,43.575238001807335
10101.0,58.318571552244435
10102.0,-197.15246829839765
10103.0,-70.47160678841222
10104.0,-342.84605328866763
10105.0,-29.23358987371702
10106.0,49.52292929610359
10107.0,-16.246144137913184
10108.0,33.77506926160691
10109.0,-68.88307748324137
10110.0,25.863399493696885
10111.0,-617.3142842716956
10112.0,-185.90441301194895
10113.0,323.7831061093863
10114.0,-35.66219572212789
10115.0,-733.5297711613837
10116.0,-240.73856264736102
10117.0,-381.97314662424884
10118.0,75.31994462169502
10119.0,36.61032645911786
10120.0,-28.756270225023126
10121.0,-481.1606279685881
10122.0,408.8502304229886
10123.0,-765.0217471991634
10124.0,178.07269651637043
10125.0,-7.649879385673286
10126.0,134.79684623375925
10127.0,-477.4585142128703
10128.0,-248.70625301323597
10129.0,-361.88465722386366
10130.0,-18.75561174855421
10131.0,7.795604374434656
10132.0,-109.10598972538367
10133.0,-63.07374524219429
10134.0,591.8231837349157
10135.0,259.61263369662777
10136.0,-279.86583200876754
10137.0,93.22535940051844
10138.0,-427.2873154191352
10139.0,84.38656633089812
10140.0,-311.54463064415546
10141.0,11.419268612561488
10142.0,-297.83146842358514
10143.0,-331.9289709686432
10144.0,656.0132305257306
10145.0,-476.6626813650537
10146.0,361.19404513377464
10147.0,-150.18526861192285
10148.0,299.946719024324
10149.0,-191.72143219270785
10150.0,151.9499951161202
10151.0,-64.67275781576417
10152.0,351.24486163063347
10153.0,-370.6364457562725
10154.0,349.22498178611096
10155.0,273.5246096168014
10156.0,783.1971843196874
10157.0,-124.23788973574021
10158.0,-155.22004432990823
10159.0,-506.9556493864102
10160.0,201.6932123856154
10161.0,-415.1740571596362
10162.0,-348.16510516956464
10163.0,-201.95224108680964
10164.0,-658.950447053337
10165.0,179.34640168171524
10166.0,124.06925816168724
10167.0,-209.15025355201777
10168.0,213.7051347740057
10169.0,-82.1172102380894
10170.0,-97.11026989726858
10171.0,124.26800574648044
10172.0,50.289915657142814
10173.0,538.7439592813369
10174.0,630.0175345543369
10175.0,217.2592778265442
10176.0,-491.7337413267077
10177.0,-131.1417511388327
10178.0,362.3930224172945
10179.0,-14.36303805540825
10180.0,-30.26175736167627
10181.0,-107.32358076729912
10182.0,-334.06259292967184
10183.0,299.5063996464327
10184.0,-103.47221484505343
10185.0,179.82049946719422
10186.0,122.20070887900692
10187.0,86.58037161690629
10188.0,386.482560566992
10189.0,-613.3611745045824
10190.0,-269.81638738346277
10191.0,260.7314512622859
10192.0,-44.620161280427226
10193.0,-159.1571757641686
10194.0,-145.2455987935752
10195.0,447.2282148760013
10196.0,476.3569859695947
10197.0,121.79421345327245
10198.0,-1.535679056106477
10199.0,410.74409653878115
10200.0,90.8280997996474
10201.0,150.07336956845117
10202.0,24.033652961546817
10203.0,273.8866340536305
10204.0,-154.52926038025092
10205.0,42.588901507065785
10206.0,617.3417063168563
10207.0,38.93936076142972
10208.0,-91.43610119490418
10209.0,225.3532747739113
10210.0,151.05827577085654
10211.0,-86.91664773646005
10212.0,-101.71788958007299
10213.0,161.93776502605508
10214.0,357.87041410354544
10215.0,32.14597818655425
10216.0,-379.1453992002921
10217.0,-165.94213222367188
10218.0,257.453921694541
10219.0,-124.83850779184117
10220.0,47.08451472299198
10221.0,-67.050651389802
10222.0,287.17334413416376
10223.0,836.2674277701624
10224.0,-78.73329260205637
10225.0,-293.00922915219377
10226.0,284.91632646225605
10227.0,377.9514320082277
10228.0,-473.9426195897228
10229.0,-538.8094549766042
10230.0,-372.90475040318677
10231.0,-83.37700889968748
10232.0,157.4620595191128
10233.0,167.50291456151035
10234.0,-105.69040574319642
10235.0,561.1616879176283
10236.0,-149.35531895746806
10237.0,196.9668051235223
10238.0,-33.819911727579694
10239.0,5.1994198823375
10240.0,-121.70842296063248
10241.0,53.47357981737842
10242.0,531.2918938411248
10243.0,-157.60262258937593
10244.0,-183.77196239261227
10245.0,643.8322464256624
10246.0,17.78030601012945
10247.0,-92.07939719460272
10248.0,485.4931646050748
10249.0,-221.2365786079393
10250.0,490.60650504846154
10251.0,-43.67715915425044
10252.0,139.93322987117642
10253.0,207.50447442761106
10254.0,17.092647024360193
10255.0,-396.4720331605292
10256.0,-168.30166761529148
10257.0,-75.59324100124431
10258.0,-292.0735078007695
10259.0,-59.37366534663313
10260.0,247.36904706438432
10261.0,206.83112758185635
10262.0,17.462464464080163
10263.0,-181.81148500656965
10264.0,300.17615094548603
10265.0,-567.6387247955887
10266.0,311.593272852635
10267.0,-9.929511835492104
10268.0,161.407823045478
10269.0,272.3855992297234
10270.0,55.122457419425544
10271.0,-15.278267412197634
10272.0,286.4023019429028
10273.0,387.88861194347453
10274.0,-148.57888863638658
10275.0,171.9523524483959
10276.0,-411.57059222267895
10277.0,213.8025382707521
10278.0,133.93002437371723
10279.0,-99.01717750124169
10280.0,-162.41724224558234
10281.0,-39.074190113478714
10282.0,-295.1584521832394
10283.0,141.32481354359572
10284.0,163.05983005334585
10285.0,-55.455401462417655
10286.0,-145.74067609352164
10287.0,16.35046243635446
10288.0,-364.2985584828285
10289.0,558.6630187376728
10290.0,40.050661219007466
10291.0,67.63734504296997
10292.0,559.8400846554663
10293.0,469.8069471574157
10294.0,-149.49980105452948
10295.0,-328.82278669969634
10296.0,425.7713170466743
10297.0,85.50466241179477
10298.0,-166.91553705584948
10299.0,-662.2984070393496
10300.0,50.28039165300363
10301.0,-11.355718332961722
10302.0,-451.8112644495305
10303.0,78.67283313413112
10304.0,-386.8187999173566
10305.0,-273.2273830523715
10306.0,352.0150454400221
10307.0,-263.8480409181021
10308.0,-214.73022299361182
10309.0,-84.88115489738435
10310.0,745.8832791254226
10311.0,-418.9751084522736
10312.0,739.1991251661946
10313.0,-469.0774263529477
10314.0,481.82984486567125
10315.0,363.2079747874407
10316.0,-270.25304182071903
10317.0,-399.59212471613193
10318.0,234.45728030706425
10319.0,-38.73469357032634
10320.0,238.3687487185069
10321.0,28.697441990182753
10322.0,238.23095785965285
10323.0,-130.00744030000124
10324.0,-681.2945617788497
10325.0,61.58065295954254
10326.0,-444.9298506709591
10327.0,-14.713208392840704
10328.0,680.4767823428566
10329.0,288.73260649376425
10330.0,839.9704901556718
10331.0,416.65747651917945
10332.0,167.35603728915677
10333.0,-86.77953786706865
10334.0,332.7699676004367
10335.0,-201.3344309342537
10336.0,-43.62508298784132
10337.0,-107.90237779609699
10338.0,-284.0357380251706
10339.0,232.6085571783258
10340.0,237.83315171539982
10341.0,74.3998056772031
10342.0,255.51770406364597
10343.0,-168.64961928561027
10344.0,68.56334601629001
10345.0,-365.4419817252606
10346.0,189.70649886094606
10347.0,-369.833249766709
10348.0,-250.9002439023779
10349.0,76.31355019623209
10350.0,-344.94550923377585
10351.0,-187.4233932681257
10352.0,482.1697569825219
10353.0,125.7526697288599
10354.0,450.6919437521854
10355.0,216.17619018208205
10356.0,34.3419357193048
10357.0,57.51145596121522
10358.0,-211.41949894712724
10359.0,49.762491809493056
10360.0,76.11104020758435
10361.0,-29.196254490440733
10362.0,33.04895852873746
10363.0,364.56271216310006
10364.0,234.48280987315135
10365.0,-21.796554859090033
10366.0,-476.93787704779993
10367.0,43.567658993046884
10368.0,-310.95721366516926
10369.0,-46.94111622603709
10370.0,181.1955810713355
10371.0,-214.96242982007178
10372.0,-80.22706031522137
10373.0,841.2082291657364
10374.0,102.35678708587001
10375.0,37.29773804688173
10376.0,77.39818275960205
10377.0,435.7945214936922
10378.0,111.39479265155707
10379.0,-128.82922415387506
10380.0,573.0501210583959
10381.0,48.602468077911176
10382.0,-68.55414659218859
10383.0,56.68162450583025
10384.0,-360.30993199944015
10385.0,131.90192283450415
10386.0,-264.52589763343053
10387.0,-378.79324972499256
10388.0,-190.09929259976624
10389.0,862.9152130409615
10390.0,159.57649666231072
10391.0,514.0204635801454
10392.0,61.38766780340694
10393.0,720.875895832658
10394.0,-450.97673103980213
10395.0,105.8944421199973
10396.0,-27.53260304400287
10397.0,-23.435561966770045
10398.0,331.20599829494574
10399.0,-156.02456394824097
10400.0,0.9477018385603209
10401.0,17.23240516531967
10402.0,143.23908417021238
10403.0,53.226451390746696
10404.0,41.013349269794396
10405.0,-129.3925514683473
10406.0,430.91652104593015
10407.0,-427.90961965735704
10408.0,49.114004852091654
10409.0,-221.6475803891874
10410.0,-313.7597121868504
10411.0,115.2445224470698
10412.0,96.10097204453551
10413.0,-399.9159849424208
10414.0,-8.411407923562958
10415.0,733.1841324374683
10416.0,-332.4267664916509
10417.0,83.67612042194328
10418.0,339.79274865544244
10419.0,-35.11570131451428
10420.0,38.204335433877965
10421.0,-606.198489055931
10422.0,194.27285338946174
10423.0,155.03155116158243
10424.0,-111.25647787348386
10425.0,-63.339371636516084
10426.0,403.93581872896397
10427.0,690.9194303358595
10428.0,75.78129943644993
10429.0,-340.3154065235761
10430.0,-195.76159542697837
10431.0,40.445138708755685
10432.0,-137.65418796029277
10433.0,-95.67479658954471
10434.0,290.8435378725027
10435.0,568.4646813472785
10436.0,351.2186507540744
10437.0,194.71516658168258
10438.0,-312.1508420871936
10439.0,-518.3107868724477
10440.0,-80.75158048061282
10441.0,-109.91053830578463
10442.0,491.4108364751962
10443.0,371.4851448604938
10444.0,343.85664466843525
10445.0,114.60785397368444
10446.0,-315.20442190988246
10447.0,83.10396509307071
10448.0,-82.59915101774065
10449.0,-182.21902722527562
10450.0,-294.9172924513046
10451.0,-294.2105553148696
10452.0,611.5470417356519
10453.0,-34.75613410359251
10454.0,-115.04157690057777
10455.0,263.2793379023755
10456.0,346.05651209283803
10457.0,194.61161526910993
10458.0,257.3561496384942
10459.0,-303.20809492711504
10460.0,-173.1959108570598
10461.0,-88.53983448578468
10462.0,137.6016120001119
10463.0,337.04864927806494
10464.0,155.72523460362686
10465.0,-250.290792905238
10466.0,148.0634001514354
10467.0,333.6821886093782
10468.0,-260.33639238342556
10469.0,340.30790922791437
10470.0,224.68535571269535
10471.0,-607.279717061931
10472.0,-54.85959294091863
10473.0,-685.0910817258432
10474.0,268.25827077859424
10475.0,108.79743563388416
10476.0,-233.1676171727206
10477.0,115.89088157850199
10478.0,75.28875461498473
10479.0,312.58695394034214
10480.0,78.42590704679496
10481.0,-509.6307964395821
10482.0,142.15294578474632
10483.0,-567.6096744598838
10484.0,99.1978441101309
10485.0,181.7656936468097
10486.0,-27.407098394358286
10487.0,-646.8210508159747
10488.0,-261.6328162502992
10489.0,-398.8768891978159
10490.0,-259.41075205618296
10491.0,-252.05740356799083
10492.0,-25.647967227331492
10493.0,-479.357949423142
10494.0,109.91068619021902
10495.0,161.94257969113977
10496.0,-436.80717423975494
10497.0,-66.0122044225675
10498.0,-73.60538265407192
10499.0,51.00273944619388
10500.0,7.609681032163581
10501.0,-38.390486731082895
10502.0,493.5959706069282
10503.0,-303.44908054448655
10504.0,285.36305876068604
10505.0,236.9308212194621
10506.0,-112.90288738209152
10507.0,-104.91639705404698
10508.0,70.11071172015194
10509.0,-334.4021807746179
10510.0,-526.1520613513318
10511.0,26.69512668154039
10512.0,16.625076878906793
10513.0,-282.6239186862393
10514.0,-156.76438922324826
10515.0,-368.7038524010558
10516.0,87.26698388397384
10517.0,9.621961449394297
10518.0,159.3385543339497
10519.0,737.8354361900722
10520.0,-63.52561489683781
10521.0,253.39234540406812
10522.0,-195.47926226047912
10523.0,-233.604062757006
10524.0,672.0430027603302
10525.0,161.02647811634006
10526.0,-86.92388588378195
10527.0,767.4499376317865
10528.0,300.14345470154257
10529.0,-264.6332621205305
10530.0,506.8069224983669
10531.0,413.7325757860616
10532.0,-227.95565420458584
10533.0,270.721821918248
10534.0,166.272145388432
10535.0,467.8359469952993
10536.0,691.0141927413326
10537.0,-235.1955016257752
10538.0,-204.49475633783692
10539.0,235.5654990256697
10540.0,481.50822898950133
10541.0,-404.28637162617326
10542.0,499.634598879022
10543.0,-280.42362428355983
10544.0,349.6353570127749
10545.0,56.279218559326914
10546.0,377.78382419955284
10547.0,58.23929412508225
10548.0,424.29981217464825
10549.0,85.80041244154708
10550.0,-252.99288852458952
10551.0,172.86784495502042
10552.0,-190.10660020571427
10553.0,306.9642865236686
10554.0,-179.11766493342262
10555.0,-155.77590494004912
10556.0,-208.75257057910832
10557.0,-257.42597802041774
10558.0,-187.88708045784358
10559.0,178.95968589803067
10560.0,769.2994246067659
10561.0,131.45400495646194
10562.0,-86.3360584772552
10563.0,-440.7896941287979
10564.0,522.2063378416922
10565.0,74.26044537058948
10566.0,-273.34519080824776
10567.0,23.885483202722163
10568.0,-140.88619011673777
10569.0,337.44189332546466
10570.0,63.42512024403095
10571.0,-78.12104360563963
10572.0,-209.41596150610644
10573.0,-354.3022169957902
10574.0,261.5495894072729
10575.0,252.78475303502208
10576.0,415.3327934963981
10577.0,-341.4106217749631
10578.0,-101.54306561728924
10579.0,-82.98003734434671
10580.0,-146.19185945083004
10581.0,-400.95700950885026
10582.0,114.68810161530736
10583.0,-318.40944917284065
10584.0,-27.12865111315034
10585.0,253.39206355032303
10586.0,-15.161597235909921
10587.0,490.27631015669726
10588.0,67.16055415516053
10589.0,-583.6536301606632
10590.0,566.8292227808817
10591.0,-659.7840206113418
10592.0,-280.34458657663157
10593.0,-618.4849576034642
10594.0,-403.0815217720824
10595.0,52.58079586777638
10596.0,154.13724781790552
10597.0,-187.18724588646157
10598.0,45.06432286401863
10599.0,389.8698024589756
10600.0,497.4944277009733
10601.0,-172.60466145696964
10602.0,-199.48804830691157
10603.0,146.33213540458775
10604.0,-745.931421182365
10605.0,-230.93578234679626
10606.0,-157.73768823510503
10607.0,170.5558567216077
10608.0,58.52819579127393
10609.0,21.7782353770832
10610.0,-33.845432388595505
10611.0,527.0115321450174
10612.0,370.35979324782085
10613.0,-83.70884929336655
10614.0,-297.86678182751785
10615.0,379.6300416409047
10616.0,-194.4998186788645
10617.0,-59.08115423924115
10618.0,-59.05074145608609
10619.0,-265.79533104064166
10620.0,-488.3242148449633
10621.0,-28.133316815096926
10622.0,-110.89724251663883
10623.0,642.519819874314
10624.0,-25.10495824557507
10625.0,368.2746547201455
10626.0,274.79921352704184
10627.0,416.52612933638494
10628.0,110.57324867984305
10629.0,561.3783520521666
10630.0,497.14376211577655
10631.0,-201.6098773445092
10632.0,-370.0522982615884
10633.0,731.0573724235983
10634.0,-380.13707915516915
10635.0,-200.60251550520874
10636.0,272.0860118937549
10637.0,269.840589910763
10638.0,-243.563995085346
10639.0,-80.64209434586867
10640.0,-467.9770128985554
10641.0,384.10330917171257
10642.0,-158.5146407643827
10643.0,-321.1429089790808
10644.0,-72.30709812158331
10645.0,244.89650104863097
10646.0,-111.76687989927599
10647.0,-71.30354161628638
10648.0,-97.14900534513905
10649.0,387.99285294446247
10650.0,134.07976082545443
10651.0,-372.7245397183443
10652.0,-153.89734891410617
10653.0,376.05572467830666
10654.0,-45.066999727281875
10655.0,29.111024201616722
10656.0,-164.38841371392454
10657.0,291.3802875570239
10658.0,-389.6429089892458
10659.0,-145.45381366072814
10660.0,276.50614199272434
10661.0,-134.09381091718924
10662.0,82.94811155481172
10663.0,143.77337061052754
10664.0,230.85377823040852
10665.0,649.898046991348
10666.0,188.10011410399218
10667.0,170.7722161437617
10668.0,-533.8474844790481
10669.0,-516.1349688253703
10670.0,-356.78697467216546
10671.0,480.903743205648
10672.0,-54.53599296167531
10673.0,-272.6605720403808
10674.0,-89.16369341976736
10675.0,-97.40004082495992
10676.0,-264.29803775062635
10677.0,-558.8516759610408
10678.0,-18.223173989822495
10679.0,238.68337858797946
10680.0,-107.49682687897646
10681.0,-439.73714969227376
10682.0,-366.08737762044984
10683.0,540.4744022919011
10684.0,-335.9192295399885
10685.0,128.9848136466244
10686.0,-360.4650592778836
10687.0,-211.01458656820003
10688.0,115.70383605399681
10689.0,-723.633356224772
10690.0,380.8939221056088
10691.0,24.300969805755624
10692.0,-145.38761452740982
10693.0,-157.28295617853883
10694.0,134.1033600367295
10695.0,215.95710077116152
10696.0,-310.20616373438935
10697.0,18.018883693842763
10698.0,-287.16969472965917
10699.0,-244.8288894362388
10700.0,-126.15190632103032
10701.0,-276.851033697201
10702.0,-63.90282319538392
10703.0,-268.2907419843653
10704.0,80.99060618707654
10705.0,135.49197649147888
10706.0,265.86171737073533
10707.0,290.1533893185744
10708.0,72.85750706987581
10709.0,-88.64501838284372
10710.0,-562.5238017086106
10711.0,-257.96859166459234
10712.0,-88.32818773227658
10713.0,-608.9048913545778
10714.0,16.648129846867185
10715.0,-117.99664144508858
10716.0,244.4881358582511
10717.0,60.96132064652675
10718.0,640.850472611427
10719.0,15.073592658662449
10720.0,135.00644430477286
10721.0,39.5233745332323
10722.0,86.44560574134238
10723.0,20.337654615455577
10724.0,217.44242023198072
10725.0,-8.574845990247544
10726.0,172.39758731739894
10727.0,-326.0037487732896
10728.0,347.5813407240381
10729.0,128.95803909114522
10730.0,-379.7500886129536
10731.0,-134.70695705662484
10732.0,153.56888514342432
10733.0,-72.12278608897067
10734.0,183.3084883057267
10735.0,-456.53877619137876
10736.0,152.27530162599663
10737.0,-20.65828059907069
10738.0,245.62232835465826
10739.0,776.4009728233559
10740.0,-320.14345296022435
10741.0,-479.31970828477813
10742.0,-69.75434860290841
10743.0,-372.0104531960517
10744.0,397.2822473818086
10745.0,94.97293025154043
10746.0,-545.8700939849767
10747.0,92.71733084803327
10748.0,456.6232467986969
10749.0,140.3351962920396
10750.0,-542.6167845034421
10751.0,33.25617847305546
10752.0,237.5455531193662
10753.0,-260.5147806037737
10754.0,-227.74117804894536
10755.0,-18.37420794464414
10756.0,357.2320793577897
10757.0,234.16866322379502
10758.0,309.0494908647158
10759.0,109.41620907267836
10760.0,297.04627719533823
10761.0,431.28271868977293
10762.0,-285.90275415168367
10763.0,-461.12318506056295
10764.0,458.8411685202927
10765.0,-35.132478657934165
10766.0,-138.9667786727799
10767.0,435.8781113541387
10768.0,-327.5517324812431
10769.0,-16.175842225601073
10770.0,32.68738315097173
10771.0,-143.1103609361337
10772.0,-82.91163796819326
10773.0,-26.395849579088264
10774.0,-295.90654248376893
10775.0,-300.94455130927753
10776.0,-157.03746176056399
10777.0,-444.10542517056746
10778.0,55.54295923374431
10779.0,136.09573343373827
10780.0,-59.93423441413809
10781.0,774.7869393558548
10782.0,-291.82146940254216
10783.0,449.6545133580521
10784.0,-231.2008249130528
10785.0,88.18058840405122
10786.0,511.6823816159443
10787.0,27.69891399185396
10788.0,69.71900343078528
10789.0,-684.0304286748194
10790.0,-181.1657541891077
10791.0,-592.2856835316269
10792.0,-326.3723044913684
10793.0,527.5739554313374
10794.0,-175.9822322889251
10795.0,555.3273243262497
10796.0,-40.06219256947659
10797.0,-242.90961184425663
10798.0,466.4750098322088
10799.0,209.72657821779882
10800.0,112.47399028633771
10801.0,655.9597092112729
10802.0,-253.67288201365443
10803.0,-143.14006436902673
10804.0,261.9090334491256
10805.0,-51.43052462098912
10806.0,-646.5343714931215
10807.0,-114.11730645512904
10808.0,126.14931118008025
10809.0,204.593462858995
10810.0,-300.3936136583136
10811.0,-415.68674588953974
10812.0,6.449152884280972
10813.0,72.8010777748287
10814.0,160.66087208145234
10815.0,249.31168929181703
10816.0,-248.28534524656297
10817.0,7.830629922612639
10818.0,-466.3838270166584
10819.0,290.1514440446014
10820.0,-309.0332065633399
10821.0,528.6916611956264
10822.0,372.4938479322542
10823.0,-328.08626630968547
10824.0,-94.65873407725155
10825.0,55.56919414045732
10826.0,67.34382419031682
10827.0,-533.668381249131
10828.0,-128.1086335034484
10829.0,-542.994858446419
10830.0,54.634639672580995
10831.0,182.66043483267921
10832.0,-41.29948573089105
10833.0,652.8127633917358
10834.0,-336.96578073788845
10835.0,99.96282019773794
10836.0,811.7900163367077
10837.0,-346.2521160653002
10838.0,103.69087960098383
10839.0,487.7360812633325
10840.0,120.89569101399142
10841.0,-324.32967405436966
10842.0,-136.41212971214838
10843.0,-41.92443003097695
10844.0,282.7029865802339
10845.0,345.620328970205
10846.0,124.69798534752348
10847.0,-206.11335283373398
10848.0,155.9399858321405
10849.0,-443.76722994338553
10850.0,-273.3430034005962
10851.0,195.95033081854584
10852.0,-30.690040851399836
10853.0,86.56778659815456
10854.0,-312.2113618894963
10855.0,41.00524696145784
10856.0,307.6751801999479
10857.0,532.9059494214049
10858.0,260.16168056338046
10859.0,362.00550753373676
10860.0,101.32898120196832
10861.0,38.44129613989413
10862.0,20.267674753903023
10863.0,117.44024988074625
10864.0,573.6911827078559
10865.0,-507.5920585145006
10866.0,-211.76962671045655
10867.0,-78.39989740428156
10868.0,-319.57376765957343
10869.0,-267.44656441833456
10870.0,-780.8570319676237
10871.0,50.229980556443785
10872.0,-298.5490108171672
10873.0,23.392386523116723
10874.0,-76.29059741014719
10875.0,-257.5974704642546
10876.0,171.56436509796544
10877.0,-121.60078316248978
10878.0,-451.37377685543055
10879.0,81.13533884268242
10880.0,-212.55249317142597
10881.0,-3.5349272290955627
10882.0,-408.2554810001849
10883.0,-158.65133194465795
10884.0,238.39834201613084
10885.0,-133.03572327369653
10886.0,-266.08408260606416
10887.0,247.7427043819476
10888.0,347.966544283237
10889.0,-511.31524281086683
10890.0,21.815871215019556
10891.0,-163.84140964229104
10892.0,-472.5608363970475
10893.0,-365.00826715123486
10894.0,272.4371379322401
10895.0,92.37376374891626
10896.0,491.80814568465166
10897.0,-200.03605813580847
10898.0,144.31490824987472
10899.0,-554.3580524199995
10900.0,-449.3575578941575
10901.0,565.0154801799599
10902.0,446.31875807462154
10903.0,309.6973881874126
10904.0,282.92794140775004
10905.0,176.197628189968
10906.0,-315.14185176038126
10907.0,612.3377931152968
10908.0,274.2522312477312
10909.0,-19.436173058565114
10910.0,404.62544777052454
10911.0,47.2664814269854
10912.0,101.89624080960492
10913.0,98.14809562777884
10914.0,-231.35258244372304
10915.0,136.3361231916424
10916.0,-150.3100592679496
10917.0,461.19954997878796
10918.0,145.69015888427307
10919.0,-405.8237418755581
10920.0,-405.5525658750961
10921.0,213.67394365056148
10922.0,-204.8036402731441
10923.0,-118.57063791050848
10924.0,675.2302648290724
10925.0,145.1619878685346
10926.0,489.6870020199625
10927.0,-173.76557459369351
10928.0,89.69168465283681
10929.0,239.01179154230994
10930.0,-68.18000068660089
10931.0,93.66677561513262
10932.0,-196.55301722008707
10933.0,-711.7534447200931
10934.0,-104.15023991148972
10935.0,55.73003950122945
10936.0,74.24035058478634
10937.0,625.7495908769047
10938.0,234.9868848687546
10939.0,221.5929479387568
10940.0,61.93159175679482
10941.0,239.73644833443637
10942.0,-21.338081818318333
10943.0,180.1647362970921
10944.0,14.918627995497802
10945.0,-374.8656883482516
10946.0,-397.51492885840315
10947.0,114.66690843216138
10948.0,-269.61622879894315
10949.0,0.13921221449168114
10950.0,-34.59484676069371
10951.0,72.73402122668142
10952.0,-188.8055631390384
10953.0,-365.5336719234537
10954.0,-67.59552255426807
10955.0,19.50117013917889
10956.0,212.78259013823342
10957.0,170.72284688263198
10958.0,48.75605588201855
10959.0,-239.44652279164646
10960.0,409.7382051551801
10961.0,399.86800565030916
10962.0,18.693100459976403
10963.0,165.76697195984343
10964.0,-124.38945349671054
10965.0,54.994523212786525
10966.0,640.4320745648683
10967.0,7.578792735554374
10968.0,-265.0476304100112
10969.0,1.6927330910936262
10970.0,18.51713362126759
10971.0,-248.851639301693
10972.0,106.86193154650806
10973.0,251.63914312090955
10974.0,133.83773953640684
10975.0,-358.2669613769305
10976.0,426.2614473176405
10977.0,71.97842246974048
10978.0,-322.0875596252205
10979.0,438.8402675015937
10980.0,-40.13211449134185
10981.0,283.8035686529259
10982.0,-487.9061953325845
10983.0,-86.93302825214803
10984.0,-470.8501510916907
10985.0,73.14648277315189
10986.0,-688.3900989407997
10987.0,392.47856756604097
10988.0,-328.63103749553846
10989.0,149.39160063469262
10990.0,321.7931147606057
10991.0,584.3930870450633
10992.0,206.757295700249
10993.0,36.548225997008025
10994.0,-37.778285211188305
10995.0,-551.0517094651365
10996.0,-107.85120387756997
10997.0,-176.80602795353047
10998.0,-356.88949117318253
10999.0,418.41458411247845
11000.0,-26.133496016981486
11001.0,-213.909513628031
11002.0,246.57978881987697
11003.0,-32.01102494971225
11004.0,-126.73258849582665
11005.0,26.914491557619307
11006.0,198.92197376295206
11007.0,-18.843554414707278
11008.0,-119.51484607642365
11009.0,-389.9037605310738
11010.0,-149.50928607147873
11011.0,-308.96203021469444
11012.0,-478.77716041375265
11013.0,-616.7291412522796
11014.0,-25.890829611384625
11015.0,-133.17659031686387
11016.0,-633.0587252293209
11017.0,-32.26329474560755
11018.0,28.79581958169461
11019.0,-290.0013236406603
11020.0,-168.02496539200087
11021.0,-173.8410200197397
11022.0,107.279554151663
11023.0,278.32878520700046
11024.0,164.73665181591318
11025.0,596.7860199506165
11026.0,737.7802177171226
11027.0,-57.04439870388761
11028.0,-20.38191302788533
11029.0,193.11140830024655
11030.0,150.95242220368192
11031.0,-340.87792585586675
11032.0,207.55657024653758
11033.0,-27.674726125892544
11034.0,-146.95165736571198
11035.0,-121.88066829612671
11036.0,144.47950532989015
11037.0,333.20953167889706
11038.0,-452.5131209680454
11039.0,-208.5368467442234
11040.0,265.84494752360945
11041.0,-86.1964595005007
11042.0,-456.010617922363
11043.0,-377.7300472014276
11044.0,277.556688970453
11045.0,-98.28816556864352
11046.0,-258.67741823285047
11047.0,508.5130216465908
11048.0,-27.82946676741518
11049.0,-397.8382252241875
11050.0,27.29423154804185
11051.0,55.460906962913185
11052.0,86.52443961502685
11053.0,-417.71826706416755
11054.0,265.0746921743701
11055.0,126.49537980057353
11056.0,-731.2337998933425
11057.0,26.768529070431672
11058.0,15.172424965474011
11059.0,603.1491770539611
11060.0,-68.51036908576097
11061.0,-630.1588497389254
11062.0,391.4398950451703
11063.0,191.26739771271258
11064.0,-82.79915889804558
11065.0,874.2798355716818
11066.0,130.1022096560791
11067.0,24.82525762983897
11068.0,10.015684555530296
11069.0,407.55355195098446
11070.0,184.9337224498366
11071.0,699.4013403550848
11072.0,12.874182171249618
11073.0,-569.7950312054747
11074.0,-60.6182675302714
11075.0,-96.5894429258605
11076.0,19.660708357384475
11077.0,30.22596905006616
11078.0,-107.06858214835677
11079.0,-23.448153023308514
11080.0,-16.563489755112386
11081.0,18.767317998588016
11082.0,145.9503818222066
11083.0,-428.10275660092145
11084.0,-158.1747761103719
11085.0,-44.378080896788234
11086.0,-411.2997705448303
11087.0,218.42101808202483
11088.0,141.24530784475246
11089.0,316.634755970591
11090.0,93.68023982535513
11091.0,154.1640540256554
11092.0,-132.9202502359105
11093.0,-293.8735713953071
11094.0,485.3063455878751
11095.0,-271.22948150685477
11096.0,373.3831471784333
11097.0,-359.66959875632824
11098.0,-459.99230445069526
11099.0,209.05369852328195
11100.0,46.74008351487728
11101.0,-767.8965435991788
11102.0,-153.96946682570598
11103.0,-66.68289246156813
11104.0,-15.944035080887215
11105.0,16.075984345000037
11106.0,157.03893670157353
11107.0,585.6578635592914
11108.0,-259.638105979392
11109.0,264.48646669308584
11110.0,171.55865069952725
11111.0,182.06572554508514
11112.0,-336.8833733608922
11113.0,-403.238538703152
11114.0,114.57772510795473
11115.0,161.83644349638976
11116.0,-628.0447010001053
11117.0,242.0117530553879
11118.0,362.8630361176535
11119.0,60.71370640424446
11120.0,-359.311231213259
11121.0,-379.08187950572676
11122.0,237.83778494978873
11123.0,-293.4175091399247
11124.0,-397.45137920298134
11125.0,159.5888560513253
11126.0,365.03747521359537
11127.0,-720.612846489736
11128.0,500.16486577148385
11129.0,-11.265810006162933
11130.0,-69.35501502523813
11131.0,250.86562155967817
11132.0,-169.30678540802444
11133.0,120.43720692692659
11134.0,-39.95315782539317
11135.0,-520.8790659997443
11136.0,-631.1061053453728
11137.0,-189.45128724586735
11138.0,73.5707873664434
11139.0,39.638131936282385
11140.0,-459.8374387751048
11141.0,4.029071723496225
11142.0,-197.44889965681634
11143.0,62.38974256914703
11144.0,-186.4453523692718
11145.0,-133.60822019560177
11146.0,305.02297895286415
11147.0,-46.022467592147876
11148.0,-42.28147598500734
11149.0,-174.6134231397822
11150.0,-221.8174242781658
11151.0,-177.58255371476682
11152.0,-1.64577916021137
11153.0,92.19561472892799
11154.0,380.63664334812415
11155.0,5.1762855335077775
11156.0,-43.26413786035967
11157.0,138.5690976831327
11158.0,-644.2373399718055
11159.0,-264.05264854098095
11160.0,388.07711133595313
11161.0,-314.57550396753203
11162.0,68.59577885369862
11163.0,313.9025059586705
11164.0,-174.13638000550034
11165.0,75.2450609171673
11166.0,-48.30049653479033
11167.0,366.3281349305423
11168.0,-300.95317522451955
11169.0,52.29547497280693
11170.0,199.76450852884653
11171.0,-291.4521388811775
11172.0,-221.25525714195152
11173.0,-347.63373665011414
11174.0,-203.16973722566013
11175.0,-377.9229754446045
11176.0,-39.05990123872053
11177.0,-27.657708986923172
11178.0,-4.840069011082766
11179.0,387.69317018167
11180.0,173.07521100861499
11181.0,932.2704016789721
11182.0,-79.75948934966553
11183.0,140.83197737225046
11184.0,39.684029858127516
11185.0,443.5242080443131
11186.0,342.3599487202389
11187.0,-137.8579525840634
11188.0,596.3305304911726
11189.0,207.6469264235072
11190.0,-628.7444696897268
11191.0,498.51770649884395
11192.0,-157.93924874004867
11193.0,351.10783976574214
11194.0,21.71133353560024
11195.0,-147.85882005549357
11196.0,204.57246274928082
11197.0,29.474618249412675
11198.0,121.43392964124423
11199.0,-565.6199353865666
11200.0,-229.6105869585278
11201.0,-46.8044771087409
11202.0,686.9993413504822
11203.0,-439.37600813835616
11204.0,-564.3067809262279
11205.0,-449.445238720612
11206.0,-187.01337557795352
11207.0,63.71447075230726
11208.0,226.53217961128945
11209.0,-238.2619588660746
11210.0,8.031752667967083
11211.0,-360.68869418514663
11212.0,-123.99311613868585
11213.0,-388.864619463004
11214.0,21.02586263144641
11215.0,-301.5018712563038
11216.0,215.87740831289676
11217.0,403.5102100498001
11218.0,435.69760335692706
11219.0,-107.10092088372203
11220.0,186.04692078373677
11221.0,347.56948473980634
11222.0,258.81395911530456
11223.0,-431.3756614817933
11224.0,-169.35938198101988
11225.0,106.38668004303959
11226.0,11.406343347779696
11227.0,362.5962040295644
11228.0,-602.2073540911479
11229.0,707.5559184457945
11230.0,202.1749187820549
11231.0,-50.33711976765709
11232.0,-170.32942345324923
11233.0,-33.3113709039497
11234.0,194.42983492011575
11235.0,-358.5893509674072
11236.0,-212.2653532691774
11237.0,-291.42110382226343
11238.0,295.5576189497116
11239.0,-278.9733872730841
11240.0,23.65365330010974
11241.0,-64.46361090683955
11242.0,-550.5130672413402
11243.0,541.3432697524756
11244.0,95.06333041130965
11245.0,14.598207374632707
11246.0,108.6088351912705
11247.0,-390.9747091142429
11248.0,358.6664196609011
11249.0,-656.7373713546331
11250.0,39.621704040649995
11251.0,-112.10781397641765
11252.0,-3.9966181836036085
11253.0,-399.3487785294678
11254.0,-189.94215830266768
11255.0,25.70500325461832
11256.0,-514.3423090508954
11257.0,42.903388996472835
11258.0,-18.93265242156688
11259.0,-109.32309649965723
11260.0,-32.89909171394665
11261.0,-543.8120026538536
11262.0,402.3710870309702
11263.0,36.24431537942757
11264.0,228.30407580009413
11265.0,346.3830222771374
11266.0,-401.22270699068486
11267.0,54.057197731364994
11268.0,6.862233348084407
11269.0,-3.812080565892097
11270.0,-445.45149197388804
11271.0,162.0875187432692
11272.0,176.36752501387105
11273.0,-516.9719819284376
11274.0,189.9931600934903
11275.0,-164.4571279651933
11276.0,174.20994712832788
11277.0,-510.02977631488426
11278.0,174.78488510987123
11279.0,-352.74632432728384
11280.0,-145.4609770896167
11281.0,456.97186117066127
11282.0,-463.514890672628
11283.0,-363.58427640439334
11284.0,-157.848082284904
11285.0,-195.36060962026164
11286.0,152.04068775685656
11287.0,-197.09226766881758
11288.0,36.48096536871983
11289.0,993.2248779784693
11290.0,-387.02879318681545
11291.0,-6.616510882803158
11292.0,-272.0688608858406
11293.0,-138.59954551011032
11294.0,-105.03944861259984
11295.0,-21.52952440472345
11296.0,91.05719915022962
11297.0,-65.79119714947231
11298.0,164.472877100937
11299.0,-17.997827027464965
11300.0,783.8866597139144
11301.0,-339.2311247243129
11302.0,-196.48456361783568
11303.0,357.2184954096822
11304.0,186.31062521156957
11305.0,138.09410368403135
11306.0,-11.632461477738396
11307.0,175.8091637342037
11308.0,-224.61734983236258
11309.0,68.85579641186726
11310.0,201.21113139003936
11311.0,257.87114287716287
11312.0,-432.8705595172986
11313.0,-893.999800818439
11314.0,671.8650784658582
11315.0,-143.3726491912182
11316.0,622.2386586662823
11317.0,179.38442629047276
11318.0,553.7744088919058
11319.0,133.39922116403818
11320.0,-278.76344183166606
11321.0,-316.62804095298435
11322.0,503.4156628826668
11323.0,282.6871359966572
11324.0,-192.3497907541522
11325.0,-266.5062159351736
11326.0,28.442092691971688
11327.0,-502.8106644889343
11328.0,-284.89716781773984
11329.0,334.325396102704
11330.0,131.85559421631314
11331.0,-163.06900527506653
11332.0,207.6978104450535
11333.0,84.53775535541739
11334.0,26.25962906610287
11335.0,-255.92213730636706
11336.0,51.28290274248211
11337.0,-102.04962146231118
11338.0,160.43430410628707
11339.0,285.3933559563086
11340.0,-58.84096452168165
11341.0,103.10534910665875
11342.0,-294.3112930187338
11343.0,376.9074907782762
11344.0,69.80186693396912
11345.0,866.0001885226103
11346.0,-39.372896580539475
11347.0,64.61420289331791
11348.0,-169.65603416906686
11349.0,-545.1873976319999
11350.0,-61.76963684753727
11351.0,-497.32028453380747
11352.0,462.29111052928823
11353.0,-153.2691425095556
11354.0,-206.00694145910262
11355.0,-139.67967903899927
11356.0,-86.31603500008362
11357.0,589.4439429065601
11358.0,213.39162365467138
11359.0,160.84269205249763
11360.0,189.14311879095436
11361.0,-353.62333168120347
11362.0,-195.46146888135146
11363.0,-130.97048784757055
11364.0,-411.8978482107087
11365.0,339.5361109610375
11366.0,278.7080285787564
11367.0,262.5393308909978
11368.0,-182.31524737855915
11369.0,312.5925398843066
11370.0,292.506966028492
11371.0,-191.3981291302146
11372.0,97.19896589042821
11373.0,-323.0624519693488
11374.0,-641.633523683092
11375.0,34.404317785941394
11376.0,332.6146395449395
11377.0,374.3942908011452
11378.0,79.74057443698241
11379.0,-175.6645414801171
11380.0,161.8497799905454
11381.0,247.70962726907996
11382.0,90.73858219235959
11383.0,406.9195427827266
11384.0,-128.29338404491503
11385.0,131.27330755535488
11386.0,729.3094416276251
11387.0,721.9516507762634
11388.0,-177.94000063372465
11389.0,709.5229020169678
11390.0,68.44182794627645
11391.0,-488.0481067137033
11392.0,152.74593914617677
11393.0,-239.25028478333428
11394.0,-147.28095714479554
11395.0,-45.20831857564562
11396.0,-222.1244934454271
11397.0,-332.61528388191806
11398.0,-119.36737582300407
11399.0,411.5976153741662
11400.0,165.3828837539903
11401.0,488.2754656867202
11402.0,224.14489930098827
11403.0,57.12319327873908
11404.0,264.6650201978731
11405.0,-126.7509829447084
11406.0,-376.20602059400943
11407.0,48.79137391778451
11408.0,420.19806400514176
11409.0,-415.5596397131088
11410.0,-45.07267871498915
11411.0,-169.48557453543216
11412.0,744.963322661382
11413.0,-534.1845713199485
11414.0,-151.031128091009
11415.0,577.9358654693668
11416.0,46.726387390608295
11417.0,311.55408180562233
11418.0,357.30637658810514
11419.0,265.41273843984095
11420.0,-253.59736902535104
11421.0,-473.8813440500307
11422.0,12.688444605877425
11423.0,-132.5642669004881
11424.0,72.47381920347591
11425.0,217.43580522922278
11426.0,-335.7785201122076
11427.0,-262.2046244768537
11428.0,95.51698320910208
11429.0,-209.1819202453599
11430.0,456.63567349234296
11431.0,308.4305601974662
11432.0,-28.8537311256816
11433.0,-358.517847151081
11434.0,128.31172677442635
11435.0,145.6247243814604
11436.0,95.66700803418522
11437.0,268.28354091308165
11438.0,-466.924416246464
11439.0,-314.3209496912712
11440.0,344.74066488627767
11441.0,220.70755813671138
11442.0,-578.4755239012406
11443.0,174.80907811479435
11444.0,399.9414839607329
11445.0,732.6720966332521
11446.0,667.3027303329162
11447.0,-63.09651298272104
11448.0,245.90652202892227
11449.0,21.73019301948841
11450.0,-248.65264042472657
11451.0,-197.04075505174
11452.0,-282.0464722650834
11453.0,-81.15238925755435
11454.0,52.36536160378661
11455.0,-2.257126778134966
11456.0,-758.8756116063784
11457.0,213.49145912249045
11458.0,-169.2714782639768
11459.0,184.7202886520124
11460.0,256.5643049747523
11461.0,-63.24889777651951
11462.0,-272.71787183732516
11463.0,135.79446347148934
11464.0,455.7807433953054
11465.0,-129.35637652171908
11466.0,62.87337039221981
11467.0,-386.8529378948044
11468.0,267.2276588361106
11469.0,287.24118692262766
11470.0,-52.09972865258445
11471.0,76.40695664839149
11472.0,-138.16215089738105
11473.0,203.55614864230506
11474.0,15.488711020266091
11475.0,-5.968082516968613
11476.0,-31.644142590968844
11477.0,221.56630230692636
11478.0,-687.0023182063172
11479.0,483.7842231435405
11480.0,958.0223790880731
11481.0,191.59606092931136
11482.0,-58.58970557453521
11483.0,259.46230620404344
11484.0,-6.316757561911582
11485.0,-270.28846900008887
11486.0,-772.4642296251158
11487.0,-146.46331926199855
11488.0,-37.781460993016225
11489.0,331.5519575822498
11490.0,570.474574111781
11491.0,-182.59989627575155
11492.0,-356.09408660693856
11493.0,84.14295121036423
11494.0,-115.7266417991652
11495.0,431.8983819954101
11496.0,-39.02760836085493
11497.0,28.16338306294847
11498.0,-54.063853433292934
11499.0,-259.9655378401635
11500.0,157.69687820480792
11501.0,-451.57353618095317
11502.0,482.5565048687757
11503.0,242.55694520910004
11504.0,-588.1137438098019
11505.0,81.01709689599369
11506.0,325.4067394440305
11507.0,-22.052235150655807
11508.0,-296.27850419733096
11509.0,299.0519135861392
11510.0,468.26993122394794
11511.0,-99.60746951487837
11512.0,5.2780854471667
11513.0,-101.94715017070854
11514.0,172.81543496339023
11515.0,-676.7207529529063
11516.0,-85.3345851981877
11517.0,117.54369571648189
11518.0,-83.62878738830572
11519.0,179.7556277016342
11520.0,-83.35296347452771
11521.0,-21.41917895221675
11522.0,292.1247462432763
11523.0,-100.16396087765199
11524.0,-295.4450782425562
11525.0,-196.19961546096323
11526.0,-90.40349798566069
11527.0,-58.11412409491398
11528.0,-400.3793446976446
11529.0,236.32717532971458
11530.0,-312.00489053945034
11531.0,448.89904737276464
11532.0,202.7355050769527
11533.0,94.92875456289612
11534.0,60.247307917510646
11535.0,-149.43663249088357
11536.0,406.78338146580245
11537.0,600.8120265364314
11538.0,-23.26355946076239
11539.0,-565.3127069056478
11540.0,156.44069172561166
11541.0,648.6215466239541
11542.0,405.71979646874263
11543.0,261.8058313693003
11544.0,22.356083935015338
11545.0,238.41247473228844
11546.0,164.56802375270158
11547.0,-83.3467411485821
11548.0,209.77491982449442
11549.0,-198.9743774153075
11550.0,-78.73473210337494
11551.0,27.73248810192471
11552.0,450.3167950749096
11553.0,-78.31520558005136
11554.0,-267.6389063338022
11555.0,348.3318744546581
11556.0,-404.4550391740678
11557.0,330.09593949369315
11558.0,-532.9705587435964
11559.0,530.1667228330987
11560.0,-741.0568046410542
11561.0,478.6495234473402
11562.0,164.63187921356078
11563.0,-449.71075314711857
11564.0,-412.1148110783393
11565.0,219.12773907510584
11566.0,-378.6893095030049
11567.0,368.73338805453443
11568.0,37.338426958468645
11569.0,396.49349500405305
11570.0,-29.329794718535634
11571.0,35.4752518390909
11572.0,-267.291075556814
11573.0,-417.34657979130986
11574.0,-250.30106527663773
11575.0,-228.9572000921871
11576.0,692.2513473375058
11577.0,-411.15737206575267
11578.0,482.3211788824998
11579.0,109.40386922308699
11580.0,547.6205815138993
11581.0,179.88426508469237
11582.0,-521.5793101895122
11583.0,-0.5366722202064012
11584.0,-1.3108832742803045
11585.0,-248.05083145629612
11586.0,-243.06806182013133
11587.0,199.56730075170225
11588.0,381.32404325693363
11589.0,-393.1688038873972
11590.0,138.2324527613484
11591.0,34.241055697988074
11592.0,-4.629154614117966
11593.0,-151.86193128195805
11594.0,335.54637222708976
11595.0,-93.14529808270554
11596.0,507.75321866389515
11597.0,-355.4656205338224
11598.0,143.08978438160887
11599.0,137.94688403626944
11600.0,-151.0460060438972
11601.0,-19.60177369246862
11602.0,105.84882713406176
11603.0,-172.78518998126606
11604.0,482.1272637099981
11605.0,-267.539174133255
11606.0,39.90555578613001
11607.0,-52.85579653107445
11608.0,-21.222446731210077
11609.0,155.3798934610844
11610.0,-96.06927783501638
11611.0,-163.17530409699705
11612.0,-180.36573977355107
11613.0,-264.67843452360023
11614.0,171.4279516464372
11615.0,-11.457713362942028
11616.0,239.99734190689657
11617.0,-39.84995383841624
11618.0,-211.741606557957
11619.0,-354.1693561735652
11620.0,72.47946295208943
11621.0,306.8202044401938
11622.0,10.710238479162644
11623.0,-367.95164299727304
11624.0,280.99867828489926
11625.0,607.1342789952016
11626.0,226.07866695707023
11627.0,565.9296380146843
11628.0,-147.76747216989872
11629.0,-314.0375602749047
11630.0,-180.04553525208865
11631.0,51.270977379871944
11632.0,-118.8198422141341
11633.0,-258.26062194274743
11634.0,-229.83713020204354
11635.0,200.36475862315203
11636.0,-348.07141756401023
11637.0,-584.8608659725448
11638.0,-4.929876831026033
11639.0,-163.44221481669865
11640.0,87.02751929856952
11641.0,41.56663504345344
11642.0,-494.890463777015
11643.0,-60.88771120297487
11644.0,-173.55136971975085
11645.0,181.26452118021194
11646.0,-51.32570908677046
11647.0,43.95099730518184
11648.0,-517.9818134858789
11649.0,-355.5526669032853
11650.0,272.4021668773415
11651.0,490.63038344697253
11652.0,-37.23470686782168
11653.0,100.19178117715954
11654.0,32.264743116669806
11655.0,342.3839958945965
11656.0,-274.3839964056688
11657.0,-461.5994801818367
11658.0,399.11781881563155
11659.0,59.9416624192663
11660.0,-119.02693796298134
11661.0,-281.7090515974909
11662.0,-127.62868444831861
11663.0,-556.5819101778251
11664.0,-79.37923441222
11665.0,-84.28398755174996
11666.0,-212.8581543336195
11667.0,72.29858467981337
11668.0,-416.4589989203814
11669.0,-151.3927706678182
11670.0,-112.94325746656847
11671.0,-386.99760536798277
11672.0,553.3497133654166
11673.0,-80.93783458087138
11674.0,265.60516451201613
11675.0,498.06450504154606
11676.0,447.8834076769252
11677.0,-162.95338863409006
11678.0,121.20351520652041
11679.0,106.02342845843151
11680.0,340.5063554149728
11681.0,4.31441676278151
11682.0,-92.647836691654
11683.0,-354.12957712883446
11684.0,214.00747653242524
11685.0,-345.69142874226065
11686.0,-271.80220862911614
11687.0,426.3090773781536
11688.0,-37.757507170520654
11689.0,-180.4634572378344
11690.0,-97.58231078807198
11691.0,347.8223132335262
11692.0,-237.0130908039774
11693.0,118.12311870118717
11694.0,681.4766679385011
11695.0,275.6633448909282
11696.0,185.16481639957317
11697.0,-13.159363367316045
11698.0,274.07224748719005
11699.0,178.76102965588356
11700.0,-178.98039516140628
11701.0,391.84251758648367
11702.0,-308.9499410969803
11703.0,-324.8362159483897
11704.0,262.0871357430684
11705.0,398.52106409403996
11706.0,-368.2548804329609
11707.0,-181.18251143785048
11708.0,-166.41347208747473
11709.0,68.9875525872534
11710.0,-249.49012878431452
11711.0,443.60337484329006
11712.0,13.650459883850342
11713.0,-212.53037852371764
11714.0,-27.91541871223614
11715.0,-240.79982184571026
11716.0,-142.88309144793675
11717.0,-285.83430439090506
11718.0,460.6316686800935
11719.0,-225.10788029950618
11720.0,97.8265193286201
11721.0,350.58725687428387
11722.0,378.82385166848763
11723.0,-3.8848455252726355
11724.0,-260.9482885668381
11725.0,-64.56158617381813
11726.0,-270.60328416669205
11727.0,-569.4207476943711
11728.0,142.46838399487984
11729.0,228.15231792746687
11730.0,170.90589405270777
11731.0,-88.73300598116832
11732.0,179.58514596852945
11733.0,176.78682556049355
11734.0,-56.27057434823835
11735.0,-185.8725872968258
11736.0,100.44658731097054
11737.0,-63.66217954558492
11738.0,623.2061139971224
11739.0,-122.16898105378043
11740.0,-216.57264126812515
11741.0,-130.98097450073675
11742.0,-293.82665858937617
11743.0,167.92384362729936
11744.0,9.259507593413213
11745.0,-587.4956962603294
11746.0,304.7248094184765
11747.0,251.46359511685247
11748.0,-304.06096774524224
11749.0,108.04336957546032
11750.0,-218.67189979790217
11751.0,-105.13018388543625
11752.0,121.3563310871571
11753.0,-302.9640413485007
11754.0,529.6616399285879
11755.0,-224.5501111509536
11756.0,688.8598020995778
11757.0,121.62140840748235
11758.0,495.86330963739914
11759.0,-104.89700800321316
11760.0,-39.40369282771174
11761.0,-218.43393840893404
11762.0,-242.0754292376033
11763.0,328.4691736616511
11764.0,-121.57062322437415
11765.0,-351.96132723645644
11766.0,235.89654336008957
11767.0,211.8433161338362
11768.0,581.9859083831246
11769.0,-187.81685176717667
11770.0,-88.2035305628131
11771.0,-121.26318282161422
11772.0,-682.3449315356835
11773.0,-61.455993571581864
11774.0,69.00904133898325
11775.0,132.89487284698956
11776.0,41.64682074346318
11777.0,-513.1698248834675
11778.0,216.7434409233469
11779.0,-533.8087878872968
11780.0,-467.10306503157227
11781.0,39.693989655146126
11782.0,178.84483759017883
11783.0,-255.91268436083155
11784.0,468.6909720129368
11785.0,-959.1458675174449
11786.0,201.86251191588624
11787.0,-282.56870707573825
11788.0,-392.43495156660424
11789.0,-219.68775779803565
11790.0,169.5930226678125
11791.0,-21.895665769337196
11792.0,-242.27992228725677
11793.0,35.588860751347
11794.0,336.44033353004335
11795.0,-63.33152033000636
11796.0,-4.446048273786755
11797.0,-312.3153657145602
11798.0,14.58141557194253
11799.0,-258.2235127345508
11800.0,725.8387913302838
11801.0,-303.82806462040145
11802.0,-726.1845220640307
11803.0,93.4226836944131
11804.0,92.79798258372114
11805.0,342.41232925067294
11806.0,856.1825394344158
11807.0,-54.883147062181784
11808.0,-213.13720641425527
11809.0,-365.08354888494756
11810.0,-733.4819620034943
11811.0,-206.05838193577966
11812.0,-418.27223526007793
11813.0,358.80446947095317
11814.0,-260.6223453246694
11815.0,546.2345722587842
11816.0,187.44948665602956
11817.0,-22.03398290079561
11818.0,88.73051702341431
11819.0,-243.13847978487775
11820.0,-41.37966627895605
11821.0,-543.6240241200903
11822.0,840.8060354669688
11823.0,402.82422181866434
11824.0,79.42070559550054
11825.0,473.3897942639646
11826.0,-57.64549004681648
11827.0,210.1128672724419
11828.0,-185.75745290109992
11829.0,22.76913800358595
11830.0,940.7468340773517
11831.0,-442.7066678021556
11832.0,-475.2447822521925
11833.0,-339.99428398162087
11834.0,541.6463647301907
11835.0,333.499079564674
11836.0,-765.4962533792757
11837.0,91.19318918087257
11838.0,164.4507322896628
11839.0,274.6128331227385
11840.0,263.1882538980381
11841.0,303.6223346767648
11842.0,-92.18952553795603
11843.0,208.973713375683
11844.0,-170.03419050961466
11845.0,41.55819635804729
11846.0,-670.8313651099276
11847.0,452.6593777040686
11848.0,741.8102612544457
11849.0,420.5524115040743
11850.0,400.3530024481781
11851.0,-181.64239575564193
11852.0,162.0463584020052
11853.0,2.7480936093335657
11854.0,534.6906446334303
11855.0,145.05936874351252
11856.0,245.63977352375164
11857.0,192.70633663604957
11858.0,486.5739863716469
11859.0,525.2699999852708
11860.0,172.00159142779148
11861.0,342.5619147140178
11862.0,-338.4488098951222
11863.0,99.97133504380326
11864.0,-176.9017178169029
11865.0,316.42601020393295
11866.0,-637.4632411206285
11867.0,74.53335736390162
11868.0,-319.6093541834506
11869.0,-234.07357196963403
11870.0,238.83176324556234
11871.0,684.2995158543802
11872.0,-273.393946906344
11873.0,229.49387382849577
11874.0,-191.4280518183521
11875.0,591.7365509012384
11876.0,-357.71707695786677
11877.0,279.34920279935346
11878.0,16.38534698237448
11879.0,1015.232107119162
11880.0,-44.247648670116725
11881.0,-259.1203848495992
11882.0,6.6863125711799665
11883.0,113.41765950025386
11884.0,164.36906042910604
11885.0,-219.7909106431462
11886.0,-50.912150165225945
11887.0,234.69378482921334
11888.0,-225.74604715601245
11889.0,-124.56806112022936
11890.0,89.33080634586244
11891.0,-24.039822321153494
11892.0,949.8138509171473
11893.0,21.685293242947473
11894.0,-333.06691562171073
11895.0,51.63526677112737
11896.0,-328.74705891806934
11897.0,-622.2335618237697
11898.0,-406.8257232673672
11899.0,-126.38083816157005
11900.0,-298.35683404440874
11901.0,-494.63240273285004
11902.0,579.0223407583984
11903.0,170.4248951223828
11904.0,160.45127278901398
11905.0,-127.53245750920848
11906.0,116.51260749164135
11907.0,137.24483689523223
11908.0,-1.2351263056273154
11909.0,613.2508183966268
11910.0,435.2344808605942
11911.0,160.38696710023333
11912.0,-185.4738897703502
11913.0,188.6406559940113
11914.0,-610.5603513173609
11915.0,23.71465718639973
11916.0,-97.9046914045956
11917.0,-120.61345408597194
11918.0,353.0787173357874
11919.0,-18.44288750529551
11920.0,-120.28546893417436
11921.0,15.392910103857886
11922.0,185.8069680477445
11923.0,845.6527630055804
11924.0,349.4593287705585
11925.0,45.89263723696652
11926.0,-7.237928751002161
11927.0,-164.71617083396023
11928.0,107.29963692985875
11929.0,-99.60009978114878
11930.0,48.616369269303384
11931.0,41.19970604370655
11932.0,661.6732170958664
11933.0,305.9589879497775
11934.0,500.4110755868318
11935.0,-231.1609921757443
11936.0,334.1777324993185
11937.0,-326.40234266325643
11938.0,-574.180619583804
11939.0,148.54087270945143
11940.0,613.9878825912876
11941.0,184.52036741988368
11942.0,-216.10046725875517
11943.0,-616.073528322987
11944.0,127.46984067427081
11945.0,-96.88155439275015
11946.0,-167.71203784394416
11947.0,-349.946994886193
11948.0,6.614867126927043
11949.0,543.2797064068859
11950.0,-362.78103146833763
11951.0,-330.05741949466494
11952.0,347.01454873631724
11953.0,526.4307732934471
11954.0,-69.34252030457007
11955.0,368.08942932477567
11956.0,381.72371964173857
11957.0,345.85284032808335
11958.0,-204.68981318862043
11959.0,157.89721831896406
11960.0,-967.3833642179108
11961.0,527.9548197579916
11962.0,-338.8496057859546
11963.0,609.1811386017552
11964.0,381.11662058979823
11965.0,-18.351583240230422
11966.0,-92.24291830783079
11967.0,-166.08686551614534
11968.0,-173.93959945806236
11969.0,-221.13734204317626
11970.0,-228.3761224512859
11971.0,198.06160680945982
11972.0,-713.0064769343034
11973.0,-89.68186474183359
11974.0,-480.0045701677802
11975.0,-271.7333959227006
11976.0,565.3236399366715
11977.0,96.11148263232923
11978.0,178.61335856961335
11979.0,-61.17433245470551
11980.0,-368.6916872400586
11981.0,4.847746578177906
11982.0,414.41382134440136
11983.0,-760.3183167930517
11984.0,84.91271532686073
11985.0,-251.84732552029067
11986.0,280.70758458952
11987.0,-391.25027825107674
11988.0,608.4991171703746
11989.0,-27.808460607212297
11990.0,-123.41411926925585
11991.0,-130.82924419408323
11992.0,18.553068892602663
11993.0,-433.16537587721365
11994.0,-303.70912611646526
11995.0,464.71525498507907
11996.0,496.48533446727834
11997.0,-35.13540941579563
11998.0,-131.67918453438747
11999.0,417.2691546213343
